-- phpMyAdmin SQL Dump
-- version 4.8.3
-- https://www.phpmyadmin.net/
--
-- Хост: 127.0.0.1
-- Время создания: Окт 18 2018 г., 10:34
-- Версия сервера: 10.1.35-MariaDB
-- Версия PHP: 7.2.9

SET SQL_MODE = "NO_AUTO_VALUE_ON_ZERO";
SET AUTOCOMMIT = 0;
START TRANSACTION;
SET time_zone = "+00:00";


/*!40101 SET @OLD_CHARACTER_SET_CLIENT=@@CHARACTER_SET_CLIENT */;
/*!40101 SET @OLD_CHARACTER_SET_RESULTS=@@CHARACTER_SET_RESULTS */;
/*!40101 SET @OLD_COLLATION_CONNECTION=@@COLLATION_CONNECTION */;
/*!40101 SET NAMES utf8mb4 */;

--
-- База данных: `ss`
--

-- --------------------------------------------------------

--
-- Структура таблицы `brands`
--

CREATE TABLE `brands` (
  `id` int(11) NOT NULL,
  `name` varchar(256) NOT NULL
) ENGINE=InnoDB DEFAULT CHARSET=utf8;

--
-- Дамп данных таблицы `brands`
--

INSERT INTO `brands` (`id`, `name`) VALUES
(1, 'IPhone'),
(2, 'HTC'),
(3, 'Samsung'),
(4, 'Nokia'),
(5, 'Sony'),
(6, 'Motorola'),
(7, 'LG'),
(8, 'Huawei'),
(9, 'Blackberry'),
(10, 'Vertu'),
(11, 'Meizu'),
(12, 'ZTE'),
(13, 'Lenovo'),
(14, 'Asus'),
(15, 'OnePlus'),
(16, 'Xiomi'),
(17, 'Acer'),
(18, 'IPad'),
(19, 'Dell'),
(20, 'Microsoft Surface'),
(21, 'Pixus'),
(22, 'Pixus');

-- --------------------------------------------------------

--
-- Структура таблицы `brands_to_category`
--

CREATE TABLE `brands_to_category` (
  `id` int(11) NOT NULL,
  `brand_id` int(11) NOT NULL,
  `category_id` int(11) NOT NULL,
  `sort` int(11) NOT NULL
) ENGINE=InnoDB DEFAULT CHARSET=utf8;

--
-- Дамп данных таблицы `brands_to_category`
--

INSERT INTO `brands_to_category` (`id`, `brand_id`, `category_id`, `sort`) VALUES
(1, 1, 1, 1),
(2, 2, 1, 2),
(3, 3, 1, 3),
(4, 4, 1, 4),
(5, 5, 1, 5),
(6, 6, 1, 6),
(7, 7, 1, 7),
(8, 8, 1, 8),
(9, 9, 1, 9),
(10, 10, 1, 10),
(11, 11, 1, 11),
(12, 12, 1, 12),
(13, 13, 1, 13),
(14, 14, 1, 14),
(15, 15, 1, 15),
(17, 16, 1, 16),
(18, 17, 1, 17),
(19, 18, 2, 1),
(20, 13, 2, 2),
(21, 17, 2, 3),
(22, 19, 2, 4),
(23, 14, 2, 5),
(24, 2, 2, 6),
(25, 3, 2, 7),
(26, 5, 2, 8),
(27, 8, 2, 9),
(28, 7, 2, 10),
(29, 20, 2, 11),
(30, 4, 2, 12),
(31, 16, 2, 13),
(32, 6, 2, 14),
(33, 21, 2, 15);

-- --------------------------------------------------------

--
-- Структура таблицы `models`
--

CREATE TABLE `models` (
  `id` int(11) NOT NULL,
  `name` text NOT NULL,
  `brand_id` int(11) NOT NULL
) ENGINE=InnoDB DEFAULT CHARSET=utf8;

--
-- Дамп данных таблицы `models`
--

INSERT INTO `models` (`id`, `name`, `brand_id`) VALUES
(3, 'IPhone Xs Max', 1),
(4, 'IPhone Xs', 1),
(5, 'IPhone Xr', 1),
(6, 'iPhone X', 1),
(7, 'iPhone 8 Plus', 1),
(8, 'iPhone 8', 1),
(9, 'iPhone 7 Plus', 1),
(10, 'iPhone 7', 1),
(11, 'iPhone 6s Plus', 1),
(12, 'iPhone 6s', 1),
(13, 'iPhone 6 Plus', 1),
(14, 'IPhone 6', 1),
(15, 'iPhone SE', 1),
(16, 'iPhone 5S', 1),
(17, 'iPhone 5C', 1),
(18, 'iPhone 5', 1),
(19, 'iPhone 4S', 1),
(20, 'iPhone 4', 1),
(21, 'IPhone 3G/3GS', 1),
(22, 'HTC U11', 2),
(23, 'HTC U12 Plus', 2),
(24, 'HTC U11 Eyes', 2),
(25, 'HTC U11 Plus', 2),
(26, 'HTC U Ultra', 2),
(27, 'HTC U Play', 2),
(28, 'HTC Google Pixel 2 XL', 2),
(29, 'HTC Google Pixel 2', 2),
(30, 'HTC Google Pixel XL', 2),
(31, 'HTC Google Pixel 5,0', 2),
(32, 'HTC 10 Evo', 2),
(33, 'HTC 10', 2),
(34, 'HTC One S9', 2),
(35, 'HTC One X9', 2),
(36, 'HTC One A9s', 2),
(37, 'HTC One (A9)', 2),
(38, 'HTC One ME Dual SIM', 2),
(39, 'HTC One M10', 2),
(40, 'HTC One M9+', 2),
(41, 'HTC One M9s', 2),
(42, 'HTC One M9', 2),
(43, 'HTC One (M8s)', 2),
(44, 'HTC One M8 Eye', 2),
(45, 'HTC One M8 Dual', 2),
(46, 'HTC One M8', 2),
(47, 'HTC One M7 Dual SIM 802w', 2),
(48, 'HTC One M7 801e', 2),
(49, 'HTC One mini', 2),
(50, 'HTC One E9+', 2),
(51, 'HTC One E9', 2),
(52, 'HTC One (E8) Dual Sim', 2),
(53, 'HTC One (E8)', 2),
(54, 'HTC One mini 2 ', 2),
(55, 'HTC One max', 2),
(56, 'HTC Butterfly S', 2),
(57, 'HTC One S', 2),
(58, 'HTC One X', 2),
(59, 'HTC One X10 Dual Sim', 2),
(60, 'HTC One V', 2),
(61, 'HTC One XL', 2),
(62, 'HTC One SV', 2),
(63, 'HTC Desire EYE', 2),
(64, 'HTC Desire 830', 2),
(65, 'HTC Desire 825', 2),
(66, 'HTC Desire 820G+', 2),
(67, 'HTC Desire 820', 2),
(68, 'HTC Desire 816G Dual Sim', 2),
(69, 'HTC Desire 816x', 2),
(70, 'HTC Desire 728G', 2),
(71, 'HTC Desire 700', 2),
(72, 'HTC Desire 630 Dual Sim', 2),
(73, 'HTC Desire 626G', 2),
(74, 'HTC Desire 620G', 2),
(75, 'HTC Desire 620', 2),
(76, 'HTC Desire 628', 2),
(77, 'HTС Desire 616', 2),
(78, 'HTC Desire 609d', 2),
(79, 'HTC Desire 601', 2),
(80, 'HTC Desire 600', 2),
(81, 'HTC Desire 526G', 2),
(82, 'HTC Desire 516', 2),
(83, 'HTC Desire 510', 2),
(84, 'HTC Desire 500', 2),
(85, 'HTC Desire 400', 2),
(86, 'HTC Desire 310', 2),
(87, 'HTC Desire 326G', 2),
(88, 'HTC Desire 300', 2),
(89, 'HTC Desire 12 Plus', 2),
(90, 'HTC Desire 12', 2),
(91, 'HTC Desire 10 Lifestyle', 2),
(92, 'HTC Desire 10 Pro', 2),
(93, 'HTC Explorer', 2),
(94, 'HTC Rhyme', 2),
(95, 'HTC WindowsPhone 8S', 2),
(96, 'HTC WindowsPhone 8X', 2),
(97, 'HTC Wildfire', 2),
(98, 'HTC Wildfire S', 2),
(99, 'HTC Desire HD', 2),
(100, 'HTC Desire', 2),
(101, 'HTC Desire C', 2),
(102, 'HTC Desire V', 2),
(103, 'HTC Desire X', 2),
(104, 'HTC Desire SV', 2),
(105, 'HTC Desire S', 2),
(106, 'HTC Sensation', 2),
(107, 'HTC Sensation XE', 2),
(108, 'HTC Sensation XL', 2),
(109, 'HTC J Butterfly', 2),
(110, 'HTC Incredible S', 2),
(111, 'Samsung Galaxy Alpha (G850F)', 3),
(112, 'Samsung Galaxy Note 9', 3),
(113, 'Samsung Galaxy A8 Star', 3),
(114, 'Samsung Galaxy J8 2018 (J810)', 3),
(115, 'Samsung Galaxy J6 2018 (J600)', 3),
(116, 'Samsung Galaxy С9 Pro (C9000)', 3),
(117, 'Samsung Galaxy С8 (C7100)', 3),
(118, 'Samsung Galaxy C7 Pro (C7010)', 3),
(119, 'Samsung Galaxy С7 (C7000)', 3),
(120, 'Samsung Galaxy C5 Pro (C5010)', 3),
(121, 'Samsung Galaxy С5 (C5000)', 3),
(122, 'Samsung Galaxy J7 Neo (J701)', 3),
(123, 'Samsung Galaxy J7 Pro (J730GM)', 3),
(124, 'Samsung Galaxy J7 2017 (J730)', 3),
(125, 'Samsung Galaxy J7 2016 (J710)', 3),
(126, 'Samsung Galaxy J7 (J700H)', 3),
(127, 'Samsung Galaxy J5 Prime 2016 (G570)', 3),
(128, 'Samsung Galaxy J5 2017 (J530)', 3),
(129, 'Samsung Galaxy J5 2016 (J510)', 3),
(130, 'Samsung Galaxy J5 (J500H)', 3),
(131, ' Samsung Galaxy J4 (J400)', 3),
(132, 'Samsung Galaxy J3 Pro', 3),
(133, 'Samsung Galaxy J3 2017 (J330)', 3),
(134, 'Samsung Galaxy J3 2016 (J320F)', 3),
(135, 'Samsung Galaxy J2 Prime VE', 3),
(136, 'Samsung J2 Prime (G532)', 3),
(137, 'Samsung Galaxy J2 2018 (J250F)', 3),
(138, 'Samsung Galaxy J2 (J200H)', 3),
(139, 'Samsung Galaxy J1 Mini (J105H) ', 3),
(140, 'Samsung Galaxy J1 (J100H)', 3),
(141, 'Samsung Galaxy E5 (E500H)', 3),
(142, 'Samsung Galaxy A9 Pro 2016 (A9100)', 3),
(143, 'Samsung Galaxy A9 (A9000)', 3),
(144, 'Samsung Galaxy A8+ 2018 (A730) ', 3),
(145, 'Samsung Galaxy A8 2018 (A530)', 3),
(146, 'Samsung Galaxy A8 (A800)', 3),
(147, 'Samsung Galaxy A7 2017 (A720F)', 3),
(148, 'Samsung Galaxy A7 2016 (A710F)', 3),
(149, 'Samsung Galaxy A7 (A700H)', 3),
(150, 'Samsung Galaxy A6+', 3),
(151, 'Samsung Galaxy A6', 3),
(152, 'Samsung Galaxy A5 2017 (A520F)', 3),
(153, 'Samsung Galaxy A5 2016 (A510F)', 3),
(154, 'Samsung Galaxy А5 (A500)', 3),
(155, 'Samsung Galaxy A3 2017 (A320F)', 3),
(156, 'Samsung Galaxy A3 2016 (A310)', 3),
(157, 'Samsung Galaxy A3 (A300H)', 3),
(158, 'Samsung Galaxy S9+ (G965)', 3),
(159, 'Samsung Galaxy S9 (G960)', 3),
(160, 'Samsung Galaxy S8+ (G955F)', 3),
(161, 'Samsung Galaxy S8 (G950F)', 3),
(162, 'Samsung Galaxy S7 (G930F)', 3),
(163, 'Samsung Galaxy S7 Edge (G935F)', 3),
(164, 'Samsung Galaxy S6 edge+ Duos (G9287)', 3),
(165, 'Samsung Galaxy S6 Edge (G925F)', 3),
(166, 'Samsung Galaxy S6 Duos (G920FD)', 3),
(167, 'Samsung Galaxy S6 (G9208/G920F)', 3),
(168, 'Samsung Galaxy S5 Duos (G900FD)', 3),
(169, 'Samsung Galaxy S5 (G900H)', 3),
(170, 'Samsung Galaxy S5 Mini (G800H)', 3),
(171, 'Samsung Galaxy S4 (i9500/i9505)', 3),
(172, 'Samsung Galaxy S4 mini (i9190)', 3),
(173, 'Samsung Galaxy S3 Duos (I9300i)', 3),
(174, 'Samsung Galaxy S3 (i9300)', 3),
(175, 'Samsung Galaxy S3 mini (i8190)', 3),
(176, 'Samsung Galaxy S2 (i9100)', 3),
(177, 'Samsung Galaxy S Duos (S7562)', 3),
(178, 'Samsung Galaxy Win (I8552)', 3),
(179, 'Samsung Galaxy On5 2016 (G5700)', 3),
(180, 'Samsung Galaxy Core 2 (G355)', 3),
(181, 'Samsung Galaxy Core (I8262)', 3),
(182, 'Samsung Galaxy Ace 3 (S7272)', 3),
(183, 'Samsung Galaxy K Zoom', 3),
(184, 'Samsung Galaxy XCover 3 VE (G389)', 3),
(185, 'Samsung Galaxy XCover 3 (G388)', 3),
(186, 'Samsung Galaxy Ace 2 (I8160)', 3),
(187, 'Samsung Galaxy Mega 2 (G7508Q)', 3),
(188, 'Samsung Galaxy Mega (i9200)', 3),
(189, 'Samsung Galaxy Grand Prime VE (G531H)', 3),
(190, 'Samsung Galaxy Grand Prime (G530H)', 3),
(191, 'Samsung Galaxy Core Prime Duos (G360H)', 3),
(192, 'Samsung Galaxy Core Prime (G361H)', 3),
(193, 'Samsung Galaxy Grand 2 (G7102)', 3),
(194, 'Samsung Galaxy Grand (i9082)', 3),
(195, 'Samsung Galaxy Grand Neo (I9060)', 3),
(196, 'Samsung Galaxy Note 8 (SM-N9500)', 3),
(197, 'Samsung Galaxy Note 7R (N935)', 3),
(198, 'Samsung Galaxy Note 7 (N930F)', 3),
(199, 'Samsung Galaxy Note 5 Duos (N9208)', 3),
(200, 'Samsung Galaxy Note 5 (N920C)', 3),
(201, 'Samsung Galaxy Note 4 Edge', 3),
(202, 'Samsung Galaxy Note 4 (N910C)', 3),
(203, 'Samsung Galaxy Note 3 Neo (N7502)', 3),
(204, 'Samsung Galaxy Note 3 Dual (N9002)', 3),
(205, 'Samsung Galaxy Note 3 (N9000)', 3),
(206, 'Samsung Galaxy Note II (N7100)', 3),
(207, 'Samsung Galaxy Note (N7000)', 3),
(208, 'Nokia 8', 4),
(209, 'Nokia 7 Plus', 4),
(210, 'Nokia 7', 4),
(211, 'Nokia 6 2018', 4),
(212, 'Nokia 6', 4),
(213, 'Nokia 5', 4),
(214, 'Nokia 3', 4),
(215, 'Nokia P1', 4),
(216, 'Microsoft Lumia 950 Dual Sim', 4),
(217, 'Microsoft Lumia 640 XL', 4),
(218, 'Microsoft Lumia 640', 4),
(219, 'Microsoft Lumia 640 Dual Sim', 4),
(220, 'Microsoft Lumia 550', 4),
(221, 'Microsoft Lumia 535', 4),
(222, 'Microsoft Lumia 532 Dual Sim', 4),
(223, 'Microsoft Lumia 435', 4),
(224, 'Microsoft Lumia 435 Dual Sim', 4),
(225, 'Nokia XL Dual Sim', 4),
(226, 'Nokia Lumia 1520', 4),
(227, 'Nokia Lumia 1320', 4),
(228, 'Nokia Lumia 1020', 4),
(229, 'Nokia Lumia 930', 4),
(230, 'Nokia Lumia 925', 4),
(231, 'Nokia Lumia 920', 4),
(232, 'Nokia Lumia 900', 4),
(233, 'Nokia Lumia 830', 4),
(234, 'Nokia Lumia 820', 4),
(235, 'Nokia Lumia 800', 4),
(236, 'Nokia Lumia 730 Dual SIM', 4),
(237, 'Nokia Lumia 720', 4),
(238, 'Nokia Lumia 710', 4),
(239, 'Nokia Lumia 630', 4),
(240, 'Nokia Lumia 625', 4),
(241, 'Nokia Lumia 620', 4),
(242, 'Nokia Lumia 610', 4),
(243, 'Nokia Lumia 525', 4),
(244, 'Nokia Lumia 520', 4),
(245, 'Nokia Lumia 510', 4),
(246, 'Sony Xperia X Performance', 5),
(247, 'Sony Xperia XZ2 Premium', 5),
(248, 'Sony Xperia X Compact', 5),
(249, 'Sony Xperia X Dual', 5),
(250, 'Sony Xperia X', 5),
(251, 'Sony Xperia XA2 Ultra ', 5),
(252, 'Sony Xperia XA1 Dual (G3112)', 5),
(253, 'Sony Xperia XA1 Plus', 5),
(254, 'Sony Xperia XA1 Ultra Dual (G3212)', 5),
(255, 'Sony Xperia XA (F3112)', 5),
(256, 'Sony Xperia XZ (F8331)', 5),
(257, 'Sony Xperia XZ Premium', 5),
(258, 'Sony Xperia XZ Dual', 5),
(259, 'Sony Xperia XZs', 5),
(260, 'Sony Xperia XZ1', 5),
(261, 'Sony Xperia XZ1 Compact', 5),
(262, 'Sony Xperia XZ2', 5),
(263, 'Sony Xperia XZ2 Compact', 5),
(264, 'Sony Xperia Acro S (LT26w)', 5),
(265, 'Sony Xperia C (c2305)', 5),
(266, 'Sony Xperia C3', 5),
(267, 'Sony Xperia C3 Dual (D2502)', 5),
(268, 'Sony Xperia C4', 5),
(269, 'Sony Xperia C5 Ultra Dual (E5563)', 5),
(270, 'Sony Xperia E (C1505)', 5),
(271, 'Sony Xperia E3 (D2202)', 5),
(272, 'Sony Xperia E4 (E2115)', 5),
(273, 'Sony Xperia E5 (F3311)', 5),
(274, 'Sony Xperia Go (ST27i)', 5),
(275, 'Sony Xperia Ion (LT28H)', 5),
(276, 'Sony Xperia J (ST26i)', 5),
(277, 'Sony Xperia L (C2105)', 5),
(278, 'Sony Xperia L1 Dual (G3312)', 5),
(279, 'Sony Xperia L2 (H4311)', 5),
(280, 'Sony Xperia M (C1905)', 5),
(281, 'Sony Xperia M2 (D2302)', 5),
(282, 'Sony Xperia M2 Aqua (D2403)', 5),
(283, 'Sony Xperia M4 Aqua (E2333)', 5),
(284, 'Sony Xperia M5 Dual (E5663)', 5),
(285, 'Sony Xperia Miro (ST23i)', 5),
(286, 'Sony Xperia P (LT22i)', 5),
(287, 'Sony Xperia Play (R800)', 5),
(288, 'Sony Xperia S (LT26i)', 5),
(289, 'Sony Xperia SP (C5303)', 5),
(290, 'Sony Xperia SL (LT26ii)', 5),
(291, 'Sony Xperia Sola (MT27i)', 5),
(292, 'Sony Xperia T (LT30P)', 5),
(293, 'Sony Xperia T2 Ultra (D5322)', 5),
(294, 'Sony Xperia T3 (D5102)', 5),
(295, 'Sony Xperia TX (LT29i)', 5),
(296, 'Sony Xperia U (ST25i)', 5),
(297, 'Sony Xperia V (LT25i)', 5),
(298, 'Sony Xperia Z (C6602)', 5),
(299, 'Sony Xperia Z1 (C6902)', 5),
(300, 'Sony Xperia Z1 Compact (D5503)', 5),
(301, 'Sony Xperia Z2 (D6502)', 5),
(302, 'Sony Xperia Z3 (D6603)', 5),
(303, 'Sony Xperia Z3 Compact﻿ (D5803)', 5),
(304, 'Sony Xperia Z3 Dual (D6633)', 5),
(305, 'Sony Xperia Z3+ (E6503)', 5),
(306, 'Sony Xperia Z4', 5),
(307, 'Sony Xperia Z5 Compact (E5823)', 5),
(308, 'Sony Xperia Z5 (E6653)', 5),
(309, 'Sony Xperia Z5 Premium (E6853)', 5),
(310, 'Sony Xperia Z5 Dual (E6683)', 5),
(311, 'Sony Xperia Z7', 5),
(312, 'Sony Xperia Z Ultra (C6802)', 5),
(313, 'Sony Xperia ZL (C6503)', 5),
(314, 'Sony Xperia ZR (C5503)', 5),
(315, 'Motorola Nexus 6', 6),
(316, 'Motorola Defy Mini XT320', 6),
(317, 'Motorola Defy', 6),
(318, 'Motorola DROID Turbo 2 XT1585 ', 6),
(319, 'Motorola Droid Mini', 6),
(320, 'Motorola Droid Ultra XT1080', 6),
(321, 'Motorola Moto Maxx', 6),
(322, 'Motorola Maxx 2 XT1565', 6),
(323, 'Motorola Moto M (XT1663)', 6),
(324, 'Motorola Moto E4 Plus (XT1771)', 6),
(325, 'Motorola Moto E4 (XT1762)', 6),
(326, 'Motorola Moto E (2nd. Gen)', 6),
(327, 'Motorola Moto E (XT1762)', 6),
(328, 'Motorola Moto C Plus (XT1723)', 6),
(329, 'Motorola Moto G6 Play (XT1922)', 6),
(330, 'Motorola Moto G6 Plus (XT1926)', 6),
(331, 'Motorola Moto G6 (XT1925)', 6),
(332, 'Motorola Moto G5s (XT1794)', 6),
(333, 'Motorola Moto G5s Plus (XT1805)', 6),
(334, 'Motorola Moto G5 Plus', 6),
(335, 'Motorola Moto G5', 6),
(336, 'Motorola Moto G4 Play', 6),
(337, 'Motorola Moto G4 Plus XT1642', 6),
(338, 'Motorola Moto G4', 6),
(339, 'Motorola Moto G (4nd. Gen) XT1622', 6),
(340, 'Motorola Moto G (3rd Gen) XT1540', 6),
(341, 'Motorola Moto G (2nd. Gen)', 6),
(342, 'Motorola Moto G (XT1032)', 6),
(343, 'Motorola Moto Z2 Force', 6),
(344, 'Motorola Moto Z3 Play', 6),
(345, 'Motorola Moto Z2 Play', 6),
(346, 'Motorola Moto Z Force', 6),
(347, 'Motorola Moto Z', 6),
(348, 'Motorola Moto X4', 6),
(349, 'Motorola Moto X Force XT1580', 6),
(350, 'Motorola Moto X Style', 6),
(351, 'Motorola Moto X Play XT1562', 6),
(352, 'Motorola Moto X (2nd. Gen)', 6),
(353, 'Motorola Moto X (1nd. Gen)', 6),
(354, 'Motorola Atrix 2', 6),
(355, 'Motorola Atrix HD', 6),
(356, 'Motorola RAZR I', 6),
(357, 'Motorola Droid RAZR XT912', 6),
(358, 'Motorola RAZR Maxx HD', 6),
(359, 'Motorola RAZR M', 6),
(360, 'Motorola RAZR Maxx', 6),
(361, 'LG Q6 Plus', 7),
(362, 'LG G7 ThinQ', 7),
(363, 'LG Q6a (M700)', 7),
(364, 'LG H961N V10', 7),
(365, 'LG G7', 7),
(366, 'LG Q6 Prime', 7),
(367, 'LG V30+', 7),
(368, 'LG V30', 7),
(369, 'LG V20 (H990)', 7),
(370, 'LG H900 V10', 7),
(371, 'LG V10 (H962N)', 7),
(372, 'LG G Flex 2 (H959/H950/H955)', 7),
(373, 'LG Class (H650E)', 7),
(374, 'LG Magna Y90 (H502F)', 7),
(375, 'LG Spirit Y70 (H422)', 7),
(376, 'LG X power 2 (K220 / M320)', 7),
(377, 'LG X Power (K220DS)', 7),
(378, 'LG X View (K500)', 7),
(379, 'LG X cam (K580DS)', 7),
(380, 'LG K10 LTE (K430DS)', 7),
(381, 'LG K10 2017 (M250)', 7),
(382, 'LG K10 (K410)', 7),
(383, 'LG K9 2018', 7),
(384, 'LG K8 (K350E)', 7),
(385, 'LG K8 2017 (X240)', 7),
(386, 'LG K7 2017 (X230)', 7),
(387, 'LG K4 2017', 7),
(388, 'LG Ray (X190)', 7),
(389, 'LG google nexus 5x', 7),
(390, 'LG Nexus 5 (D820)', 7),
(391, 'LG Nexus 4 (E960)', 7),
(392, 'LG L70 Dual (D325)', 7),
(393, 'LG L90 (D405)', 7),
(394, 'LG L Bello (D335)', 7),
(395, 'LG G6 Plus (H870)', 7),
(396, 'LG G6 (H870DS)', 7),
(397, 'LG G5se (H845 /H840)', 7),
(398, 'LG G5 (H860/H850 )', 7),
(399, 'LG G4 (H815/H810)', 7),
(400, 'LG G4 (H818)', 7),
(401, 'LG G3 (D724)', 7),
(402, 'LG G3s (D722)', 7),
(403, 'LG G3 Stylus (D690)', 7),
(404, 'LG Stylus 3 M400DY', 7),
(405, 'LG Stylus 2 (K520DY)', 7),
(406, 'LG Optimus G3 (D855)', 7),
(407, 'LG G2 mini (D618)', 7),
(408, 'LG G2 (D800)', 7),
(409, 'LG Optimus G2 (D802)', 7),
(410, 'LG G Pro 2 (D838)', 7),
(411, 'LG Optimus G Pro (E940)', 7),
(412, 'LG G Pro Lite Dual (D686)', 7),
(413, 'LG Optimus G (E975)', 7),
(414, 'LG Optimus 4+ HD (P880)', 7),
(415, 'LG Optimus L9 (P768)', 7),
(416, 'LG Optimus L7 II (P715)', 7),
(417, 'LG Optimus L7 (P705)', 7),
(418, 'LG Optimus L5 (E455)', 7),
(419, 'LG Optimus GJ (E975W)', 7),
(420, 'LG Prada (P940)', 7),
(421, 'LG L80 Dual (D380)', 7),
(422, 'LG Optimus Vu (P895)', 7),
(423, 'LG Optimus (P970)', 7),
(424, 'LG Optimus 3DMax (P725)', 7),
(425, 'HUAWEI Nexus 6P', 8),
(426, 'Huawei Honor 7A', 8),
(427, 'HUAWEI Nova Lite 2017 (SLA-L22)', 8),
(428, 'HUAWEI Nova 2s ', 8),
(429, 'HUAWEI Nova 2 Plus 2017', 8),
(430, 'HUAWEI Nova 2', 8),
(431, 'HUAWEI Nova Plus', 8),
(432, 'HUAWEI Nova', 8),
(433, 'HUAWEI G9 Plus', 8),
(434, 'HUAWEI G9', 8),
(435, 'HUAWEI GR5 2017', 8),
(436, 'HUAWEI GR5', 8),
(437, 'HUAWEI GT3', 8),
(438, 'HUAWEI Enjoy 7 Plus', 8),
(439, 'HUAWEI Y7 Prime 2017', 8),
(440, 'HUAWEI Y625', 8),
(441, 'HUAWEI Y6 Pro Dual', 8),
(442, 'HUAWEI Y5 2018 ', 8),
(443, 'HUAWEI Y5 2017', 8),
(444, 'HUAWEI Y5 II', 8),
(445, 'HUAWEI Y3 2017', 8),
(446, 'HUAWEI Y3 II', 8),
(447, 'HUAWEI Mate 10 Pro', 8),
(448, 'HUAWEI Mate 10 Lite', 8),
(449, 'HUAWEI Mate 10', 8),
(450, 'HUAWEI Mate 9 Pro', 8),
(451, 'HUAWEI Mate 9', 8),
(452, 'HUAWEI Mate S', 8),
(453, 'HUAWEI Ascend G7', 8),
(454, 'HUAWEI Mate 8', 8),
(455, 'Huawei Ascend Mate 7', 8),
(456, 'Huawei Ascend G6', 8),
(457, 'HUAWEI P Smart', 8),
(458, 'HUAWEI P20 Pro', 8),
(459, 'HUAWEI P20', 8),
(460, 'HUAWEI P20 Lite', 8),
(461, 'HUAWEI P10 Plus', 8),
(462, 'HUAWEI P10 Lite', 8),
(463, 'HUAWEI P10', 8),
(464, 'HUAWEI P9 Dual SIM', 8),
(465, 'HUAWEI P9 Plus', 8),
(466, 'HUAWEI P8max', 8),
(467, 'HUAWEI P8 Lite (2017)', 8),
(468, 'HUAWEI Ascend P8 lite', 8),
(469, 'HUAWEI Ascend P8', 8),
(470, 'Huawei Ascend P7', 8),
(471, 'Huawei Ascend P6', 8),
(472, 'Huawei Ascend P2', 8),
(473, 'HUAWEI U9200 Ascend P1', 8),
(474, 'HUAWEI Ascend G730', 8),
(475, 'Huawei Ascend G700', 8),
(476, 'HUAWEI Ascend G630', 8),
(477, 'Huawei Honor 10', 8),
(478, 'HUAWEI Honor V10', 8),
(479, 'HUAWEI Honor 9 Youth', 8),
(480, 'HUAWEI Honor 9 Lite', 8),
(481, 'HUAWEI Honor 9', 8),
(482, 'HUAWEI Honor V9', 8),
(483, 'HUAWEI Honor V8', 8),
(484, 'HUAWEI Honor Note 8', 8),
(485, 'HUAWEI Honor 8 Lite', 8),
(486, 'HUAWEI Honor 8', 8),
(487, 'HUAWEI Honor 7i Dual Sim', 8),
(488, 'HUAWEI Honor 7X', 8),
(489, 'HUAWEI Honor 7 Lite ', 8),
(490, 'HUAWEI Honor 7C Pro', 8),
(491, 'Huawei Honor 7C', 8),
(492, 'HUAWEI Honor 7', 8),
(493, 'HUAWEI Honor 6X', 8),
(494, 'HUAWEI Honor 6C Pro', 8),
(495, 'HUAWEI Honor 6 H60-L04', 8),
(496, 'HUAWEI Honor 6A', 8),
(497, 'HUAWEI Honor 4X', 8),
(498, 'HUAWEI Honor 4C', 8),
(499, 'HUAWEI Honor 3C Lite', 8),
(500, 'Huawei Honor 3', 8),
(501, 'HUAWEI U9508 Honor 2', 8),
(502, 'HUAWEI U8950-1 G600 Honor Pro', 8),
(503, 'HUAWEI U8860 Honor', 8),
(504, 'HUAWEI Ascend D2', 8),
(505, 'HUAWEI Ascend Mate MT1', 8),
(506, 'HUAWEI Ascend Y210D', 8),
(507, 'HUAWEI U9500-1 Ascend D1', 8),
(508, 'HUAWEI G620S', 8),
(509, 'HUAWEI U8951 G510', 8),
(510, 'HUAWEI U8180', 8),
(511, 'BlackBerry Priv', 9),
(512, 'BlackBerry Passport', 9),
(513, 'Blackberry Torch 9800', 9),
(514, 'Blackberry Torch 9810', 9),
(515, 'BlackBerry DTEK50', 9),
(516, 'BlackBerry DTEK60', 9),
(517, 'Blackberry Q5', 9),
(518, 'Blackberry Q10', 9),
(519, 'Blackberry Z30', 9),
(520, 'Blackberry Z10', 9),
(521, 'BlackBerry Z3', 9),
(522, 'Blackberry Bold 9900', 9),
(523, 'BlackBerry Classic', 9),
(524, 'BlackBerry Key 2', 9),
(525, 'BlackBerry KEYone', 9),
(526, 'BlackBerry Leap', 9),
(527, 'BlackBerry Mercury', 9),
(528, 'BlackBerry Motion', 9),
(529, 'Blackberry Pearl 9105', 9),
(530, 'BlackBerry Torch 9860', 9),
(531, 'BlackBerry Porsche Design P9982', 9),
(532, 'BlackBerry Porsche Design P9983', 9),
(533, 'Vertu Ascent', 10),
(534, 'Vertu Constellation', 10),
(535, 'Vertu Signature', 10),
(536, 'Vertu Constellation Touch', 10),
(537, 'Vertu Constellation V', 10),
(538, 'Копии Vertu', 10),
(539, 'Vertu Ti', 10),
(540, 'Meizu U20', 11),
(541, 'Meizu U10', 11),
(542, 'Meizu 15 Plus', 11),
(543, 'Meizu 15 Lite', 11),
(544, 'Meizu 15', 11),
(545, 'Meizu E3', 11),
(546, 'Meizu E2', 11),
(547, 'Meizu Pro 7 Plus', 11),
(548, 'Meizu Pro 7', 11),
(549, 'Meizu Pro 6s', 11),
(550, 'Meizu Pro 6 Plus', 11),
(551, 'Meizu Pro 6', 11),
(552, 'Meizu Pro 5', 11),
(553, 'Meizu MX6', 11),
(554, 'Meizu MX5e', 11),
(555, 'Meizu MX5', 11),
(556, 'Meizu MX4 Pro', 11),
(557, 'Meizu MX4', 11),
(558, 'Meizu MX3', 11),
(559, 'Meizu M8c', 11),
(560, 'Meizu M6T', 11),
(561, 'Meizu M6 Note', 11),
(562, 'Meizu M6s', 11),
(563, 'Meizu M6', 11),
(564, 'Meizu M5 Note', 11),
(565, 'Meizu M5s', 11),
(566, 'Meizu M5c', 11),
(567, 'Meizu M5', 11),
(568, 'Meizu M3 Max', 11),
(569, 'Meizu M3 Note', 11),
(570, 'Meizu M3', 11),
(571, 'Meizu M3x', 11),
(572, 'Meizu M3s', 11),
(573, 'Meizu M2 Note', 11),
(574, 'Meizu M2', 11),
(575, 'Meizu M2 mini', 11),
(576, 'Meizu M1 Note', 11),
(577, 'Meizu M1 Metal', 11),
(578, 'ZTE Axon 7 mini', 12),
(579, 'ZTE Axon 7', 12),
(580, 'ZTE Blade A610', 12),
(581, 'ZTE Z18 Mini', 12),
(582, 'ZTE Nubia Z17 mini', 12),
(583, 'ZTE Nubia Z11 MAX', 12),
(584, 'ZTE Nubia Z11 mini S', 12),
(585, 'ZTE Nubia M2 Lite', 12),
(586, 'ZTE Nubia M2', 12),
(587, 'ZTE Nubia Z11 mini', 12),
(588, 'ZTE Nubia Z11', 12),
(589, 'ZTE V5', 12),
(590, 'ZTE Blade V8 lite', 12),
(591, 'ZTE Blade V8 Mini', 12),
(592, 'ZTE Blade V8', 12),
(593, 'ZTE Blade V7 lite', 12),
(594, 'ZTE Blade V7', 12),
(595, 'ZTE Blade A6 Lite', 12),
(596, 'ZTE Blade A6', 12),
(597, 'ZTE Blade A2', 12),
(598, 'ZTE Blade A910', 12),
(599, 'ZTE Blade X3', 12),
(600, 'Lenovo IdeaPhone A936', 13),
(601, 'Lenovo Z5', 13),
(602, 'Lenovo IdeaPhone A916', 13),
(603, 'Lenovo IdeaPhone A859', 13),
(604, 'Lenovo IdeaPhone A850', 13),
(605, 'Lenovo IdeaPhone A820', 13),
(606, 'Lenovo IdeaPhone A816', 13),
(607, 'Lenovo IdeaPhone A8/A806', 13),
(608, 'Lenovo IdeaPhone A766', 13),
(609, 'Lenovo IdeaPhone A760', 13),
(610, 'Lenovo IdeaPhone A708', 13),
(611, 'Lenovo IdeaPhone A688T', 13),
(612, 'Lenovo IdeaPhone A628T', 13),
(613, 'Lenovo IdeaPhone A588T', 13),
(614, 'Lenovo IdeaPhone A536', 13),
(615, 'Lenovo IdeaPhone A7000', 13),
(616, 'Lenovo IdeaPhone A6010 Pro ', 13),
(617, 'Lenovo IdeaPhone A6000', 13),
(618, 'Lenovo IdeaPhone A5800D', 13),
(619, 'Lenovo IdeaPhone A5000', 13),
(620, 'Lenovo IdeaPhone A2010', 13),
(621, 'Lenovo IdeaPhone A390', 13),
(622, 'Lenovo IdeaPhone K900', 13),
(623, 'Lenovo IdeaPhone K800', 13),
(624, 'Lenovo IdeaPhone P780', 13),
(625, 'Lenovo IdeaPhone P770', 13),
(626, 'Lenovo IdeaPhone P70t', 13),
(627, 'Lenovo IdeaPhone S930', 13),
(628, 'Lenovo IdeaPhone S939', 13),
(629, 'Lenovo IdeaPhone S920', 13),
(630, 'Lenovo IdeaPhone S898T', 13),
(631, 'Lenovo Ideaphone S890', 13),
(632, 'Lenovo IdeaPhone S860', 13),
(633, 'Lenovo IdeaPhone S856', 13),
(634, 'Lenovo IdeaPhone S850', 13),
(635, 'Lenovo IdeaPhone S820', 13),
(636, 'Lenovo IdeaPhone S750', 13),
(637, 'Lenovo IdeaPhone S660', 13),
(638, 'Lenovo IdeaPhone S650', 13),
(639, 'Lenovo IdeaPhone S580', 13),
(640, 'Lenovo Vibe K5 Plus', 13),
(641, 'Lenovo Vibe K5 Note', 13),
(642, 'Lenovo K80M', 13),
(643, 'Lenovo K6 Power', 13),
(644, 'Lenovo K6 Note', 13),
(645, 'Lenovo K5 Note Pro', 13),
(646, 'Lenovo K5', 13),
(647, 'Lenovo K3 Note', 13),
(648, 'Lenovo K3', 13),
(649, 'Lenovo S90', 13),
(650, 'Lenovo S90T', 13),
(651, 'Lenovo S60-t', 13),
(652, 'Lenovo Zuk Z2 Pro', 13),
(653, 'Lenovo Zuk Z2', 13),
(654, 'Lenovo Zuk Z1', 13),
(655, 'Lenovo ZUK Edge', 13),
(656, 'Lenovo Vibe Z2 Pro (K920)', 13),
(657, 'Lenovo Vibe Z (K910)', 13),
(658, 'Lenovo Vibe S1 Lite', 13),
(659, 'Lenovo Vibe S1', 13),
(660, 'Lenovo Vibe X3', 13),
(661, 'Lenovo X3 Lite Pro', 13),
(662, 'Lenovo X3 Lite (A7010)', 13),
(663, 'Lenovo Vibe X2-TO', 13),
(664, 'Lenovo Vibe X2', 13),
(665, 'Lenovo Vibe X (S960)', 13),
(666, 'Lenovo Phab 2', 13),
(667, 'Lenovo Vibe P2', 13),
(668, 'Lenovo Vibe P1 Pro', 13),
(669, 'Lenovo Vibe P1', 13),
(670, 'Lenovo Vibe P1m', 13),
(671, 'Lenovo Vibe Shot Lite (Z90-3)', 13),
(672, 'Lenovo Vibe C (A2020)', 13),
(673, 'Lenovo C2 Power', 13),
(674, 'ASUS ZenFone Live (ZB501KL)', 14),
(675, 'ASUS ZenFone 6', 14),
(676, 'ASUS ZenFone 5 Lite', 14),
(677, 'ASUS Zenfone 5z (ZS620KL)', 14),
(678, 'ASUS Zenfone 5 ZE620KL', 14),
(679, 'ASUS ZenFone 5', 14),
(680, 'ASUS Zenfone 4 Selfie ZD553KL', 14),
(681, 'ASUS Zenfone 4 Pro ZS551KL', 14),
(682, 'ASUS Zenfone 4 Max Pro ZC554KL', 14),
(683, 'ASUS ZenFone 4 Max ZC554KL', 14),
(684, 'ASUS ZenFone 4', 14),
(685, 'ASUS Zenfone 3 Zoom ZE553KL', 14),
(686, 'ASUS Zenfone 3s Max (ZC521TL)', 14),
(687, 'ASUS Zenfone 3 Max ZC553KL', 14),
(688, 'ASUS ZenFone 3 Ultra ZU680KL', 14),
(689, 'ASUS ZenFone 3 Deluxe ZS570KL', 14),
(690, 'ASUS ZenFone 3 ZC551KL', 14),
(691, 'ASUS ZenFone 3 ZE520KL', 14),
(692, 'ASUS Zenfone 2E ZE500CL', 14),
(693, 'ASUS ZenFone 2', 14),
(694, 'ASUS ZenFone 2 Laser', 14),
(695, 'ASUS ZenFone 2 Deluxe ZE551ML', 14),
(696, 'ASUS ZenFone Selfie ZD551KL', 14),
(697, 'ASUS Zenfone Pegasus 3 X008', 14),
(698, 'ASUS ZenFone Max Plus M1', 14),
(699, 'ASUS ZenFone Max (ZC550KL)', 14),
(700, 'ASUS Zenfone Zoom ZX551ML', 14),
(701, 'ASUS ZenFone Go ZB500KG', 14),
(702, 'ASUS ZenFone Go ZB452', 14),
(703, 'ASUS PadFone 2', 14),
(704, 'ASUS PadFone E', 14),
(705, 'ASUS ZenFone С', 14),
(706, 'ASUS Pegasus X003', 14),
(707, 'ASUS T45', 14),
(708, 'ASUS PadFone mini 4.3', 14),
(709, 'Asus PadFone', 14),
(710, 'OnePlus 6', 15),
(711, 'OnePlus 5T', 15),
(712, 'OnePlus 5', 15),
(713, 'OnePlus X', 15),
(714, 'OnePlus 3T', 15),
(715, 'OnePlus 3', 15),
(716, 'OnePlus 2', 15),
(717, 'OnePlus One', 15),
(718, 'Xiaomi Hongmi Redmi 1S', 16),
(719, 'Xiaomi Black Shark', 16),
(720, 'Xiaomi Redmi S2', 16),
(721, 'Xiaomi Redmi 6A', 16),
(722, 'Xiaomi Redmi 6', 16),
(723, 'Xiaomi Redmi Note 5 Pro', 16),
(724, 'Xiaomi Redmi Note 5A', 16),
(725, 'Xiaomi Redmi Note 5', 16),
(726, 'Xiaomi Redmi Note 4x', 16),
(727, 'Xiaomi Redmi Note 4', 16),
(728, 'Xiaomi Redmi 5a', 16),
(729, 'Xiaomi Redmi 5', 16),
(730, 'Xiaomi Redmi 5 Plus', 16),
(731, 'Xiaomi Redmi 4 Prime', 16),
(732, 'Xiaomi Redmi 4 Pro', 16),
(733, 'Xiaomi Redmi 4x', 16),
(734, 'Xiaomi Redmi 4A', 16),
(735, 'Xiaomi Redmi Note 3i Pro SE', 16),
(736, 'Xiaomi Redmi Note 3', 16),
(737, 'Xiaomi Redmi 3 Pro', 16),
(738, 'Xiaomi Redmi 3S', 16),
(739, 'Xiaomi Redmi 3', 16),
(740, 'Xiaomi Redmi 2 Pro', 16),
(741, 'Xiaomi Redmi 2', 16),
(742, 'Xiaomi Redmi Note 3 Pro', 16),
(743, 'Xiaomi Redmi Note 2', 16),
(744, 'Xiaomi Redmi Note', 16),
(745, 'Xiaomi Mi Note Pro', 16),
(746, 'Xiaomi Mi-Two M2S', 16),
(747, 'Xiaomi Hongmi Red Rice', 16),
(748, 'Xiaomi Mi A1', 16),
(749, 'Xiaomi Mi Mix 2s', 16),
(750, 'Xiaomi Mi Mix 2', 16),
(751, 'Xiaomi Mi MIX', 16),
(752, 'Xiaomi Mi Max 2', 16),
(753, 'Xiaomi Mi Max', 16),
(754, 'Xiaomi Mi Note 2', 16),
(755, 'Xiaomi Mi Note 3', 16),
(756, 'Xiaomi Mi 6 Plus', 16),
(757, 'Xiaomi Mi 8 SE', 16),
(758, 'Xiaomi Mi8', 16),
(759, 'Xiaomi Mi 6', 16),
(760, 'Xiaomi Mi5s Plus', 16),
(761, 'Xiaomi Mi5x', 16),
(762, 'Xiaomi Mi5s', 16),
(763, 'Xiaomi Mi5c', 16),
(764, 'Xiaomi Mi5 Pro', 16),
(765, 'Xiaomi Mi5', 16),
(766, 'Xiaomi Mi4c', 16),
(767, 'Xiaomi Mi4S', 16),
(768, 'Xiaomi Mi4', 16),
(769, 'Xiaomi Mi3', 16),
(770, 'Acer Liquid E700', 16),
(771, 'Acer V370 Liquid E2 Duo', 16),
(772, 'Acer Liquid E3', 16),
(773, 'Acer Liquid Z500', 16),
(774, 'Acer Liquid Zest Z525', 16),
(775, 'Acer Z150 Liquid Z5', 16),
(776, 'Acer Liquid Z4', 16),
(777, 'Acer S510 Liquid S1 Duo', 16),
(778, 'Acer CloudMobile S500', 16);

--
-- Индексы сохранённых таблиц
--

--
-- Индексы таблицы `brands`
--
ALTER TABLE `brands`
  ADD UNIQUE KEY `id` (`id`),
  ADD KEY `id_2` (`id`);

--
-- Индексы таблицы `brands_to_category`
--
ALTER TABLE `brands_to_category`
  ADD UNIQUE KEY `id_3` (`id`),
  ADD KEY `id` (`id`),
  ADD KEY `id_2` (`id`);

--
-- Индексы таблицы `models`
--
ALTER TABLE `models`
  ADD UNIQUE KEY `id` (`id`);

--
-- AUTO_INCREMENT для сохранённых таблиц
--

--
-- AUTO_INCREMENT для таблицы `brands`
--
ALTER TABLE `brands`
  MODIFY `id` int(11) NOT NULL AUTO_INCREMENT, AUTO_INCREMENT=23;

--
-- AUTO_INCREMENT для таблицы `brands_to_category`
--
ALTER TABLE `brands_to_category`
  MODIFY `id` int(11) NOT NULL AUTO_INCREMENT, AUTO_INCREMENT=34;

--
-- AUTO_INCREMENT для таблицы `models`
--
ALTER TABLE `models`
  MODIFY `id` int(11) NOT NULL AUTO_INCREMENT, AUTO_INCREMENT=779;
COMMIT;

/*!40101 SET CHARACTER_SET_CLIENT=@OLD_CHARACTER_SET_CLIENT */;
/*!40101 SET CHARACTER_SET_RESULTS=@OLD_CHARACTER_SET_RESULTS */;
/*!40101 SET COLLATION_CONNECTION=@OLD_COLLATION_CONNECTION */;
